<?xml version="1.0" encoding="UTF-8" ?>
<!DOCTYPE tiles-definitions PUBLIC
"-//Apache Software Foundation//DTD Tiles Configuration 2.0//EN"
"http://tiles.apache.org/dtds/tiles-config_2_0.dtd">
<tiles-definitions>
	<definition name="baseLayout"  template="/WEB-INF/views/layout/layout.jsp">
		<put-attribute name="title" value="물류관리시스템" />
		<put-attribute name="header" value="/WEB-INF/views/layout/header.jsp" />
		<put-attribute name="side" value="/WEB-INF/views/layout/nav.jsp" />
		<put-attribute name="body" value="" />
		<put-attribute name="footer" value="/WEB-INF/views/layout/footer.jsp" />
	</definition>

	<definition name="baseLayout2"  template="/WEB-INF/views/layout/layout2.jsp">
		<put-attribute name="title" value="물류관리시스템" />
		<put-attribute name="body" value="" />
	</definition>
	
<!-- 	<definition name="*/*.noTiles" extends="baseLayout"> -->
<!-- 		<put-attribute name="body" value="/WEB-INF/views/{1}/{2}.jsp" /> -->
<!-- 	</definition> -->
	
	<definition name="dashboard" extends="baseLayout">
		<put-attribute name="body" value="/WEB-INF/views/dashboard.jsp" />
	</definition>
	
	<definition name="item" extends="baseLayout">
		<put-attribute name="body" value="/WEB-INF/views/item/itemMng.jsp" />
	</definition>
	<definition name="item2" extends="baseLayout">
		<put-attribute name="body" value="/WEB-INF/views/item/itemMng2.jsp" />
	</definition>
	<definition name="item3" extends="baseLayout">
		<put-attribute name="body" value="/WEB-INF/views/item/itemMng3.jsp" />
	</definition>
	<definition name="item4" extends="baseLayout">
		<put-attribute name="body" value="/WEB-INF/views/item/itemMng4.jsp" />
	</definition>
	<definition name="item5" extends="baseLayout">
		<put-attribute name="body" value="/WEB-INF/views/item/itemMng5.jsp" />
	</definition>
	<definition name="itemNew" extends="baseLayout">
		<put-attribute name="body" value="/WEB-INF/views/item/itemNew.jsp" />
	</definition>
	<definition name="itemFix" extends="baseLayout">
		<put-attribute name="body" value="/WEB-INF/views/item/itemfix.jsp" />
	</definition>
	
	<definition name="inReg" extends="baseLayout">
		<put-attribute name="body" value="/WEB-INF/views/inout/inReg.jsp" />
	</definition>
	
	<definition name="outReg" extends="baseLayout">
		<put-attribute name="body" value="/WEB-INF/views/inout/outReg.jsp" />
	</definition>
	
	<definition name="invent" extends="baseLayout">
		<put-attribute name="body" value="/WEB-INF/views/inout/invenView.jsp" />
	</definition>
	
	<definition name="inout" extends="baseLayout">
		<put-attribute name="body" value="/WEB-INF/views/inout/inoutHistory.jsp" />
	</definition>
	
	<definition name="capacity" extends="baseLayout">
		<put-attribute name="body" value="/WEB-INF/views/item/capacityView.jsp" />
	</definition>
	
	<definition name="board" extends="baseLayout">
		<put-attribute name="body" value="/WEB-INF/views/board/boardList.jsp" />
	</definition>

	<definition name="boardSelect" extends="baseLayout">
		<put-attribute name="body" value="/WEB-INF/views/board/board.jsp" />
	</definition>

	<definition name="boardWrite" extends="baseLayout">
		<put-attribute name="body" value="/WEB-INF/views/board/boardWrite.jsp" />
	</definition>
	
	<definition name="userMng" extends="baseLayout">
		<put-attribute name="body" value="/WEB-INF/views/userMng.jsp" />
	</definition>
	
	<definition name="mypage" extends="baseLayout">
		<put-attribute name="body" value="/WEB-INF/views/mypage.jsp" />
	</definition>

	<definition name="login" extends="baseLayout2">
		<put-attribute name="body" value="/WEB-INF/views/login.jsp" />
	</definition>
	
	<definition name="qrpage" extends="baseLayout2">
		<put-attribute name="body" value="/WEB-INF/views/qrpage.jsp" />
	</definition>
	

<!-- 	<definition name="*.bl" extends="baseLayout"> -->
<!-- 		<put-attribute name="body" value="/WEB-INF/views/{1}.jsp" /> -->
<!-- 	</definition> -->
<!-- 	<definition name="*/*.bl2" extends="baseLayout2"> -->
<!-- 		<put-attribute name="body" value="/WEB-INF/views/{1}/{2}.jsp" /> -->
<!-- 	</definition> -->
<!-- 	<definition name="*.bl" extends="baseLayout"> -->
<!-- 		<put-attribute name="body" value="/WEB-INF/views/{1}.jsp" /> -->
<!-- 	</definition> -->
<!-- 	<definition name="*/*.bl2" extends="baseLayout2"> -->
<!-- 		<put-attribute name="body" value="/WEB-INF/views/{1}/{2}.jsp" /> -->
<!-- 	</definition> -->


	
</tiles-definitions>