<?xml version="1.0" encoding="UTF-8" ?>
<!DOCTYPE configuration
	PUBLIC "-//mybatis.org//DTD Config 3.0//EN"
	"http://mybatis.org/dtd/mybatis-3-config.dtd">
<configuration>

	<!-- mapper에서 사용할 타입이 길어서 짧게 별칭 지정 -->
	<typeAliases>
		<!-- lee -->
		<typeAlias type="com.spring.lee.Pd_inDTO" alias="pdinDTO"/>
		<typeAlias type="com.spring.lee.PdDTO" alias="pdDTO"/>
		<typeAlias type="com.spring.lee.JoinedDTO" alias="joinedDTO"/>
		<typeAlias type="com.spring.lee.InvenDTO" alias="invenDTO"/>
		<typeAlias type="com.spring.lee.InvenDTO2" alias="invenDTO2"/>
		
		<!-- 02 -->
		<typeAlias type="com.spring.lim.ItMngDTO" alias="itmngDTO"/>
		<typeAlias type="com.spring.lim.ItMngNewDTO" alias="itmngnewDTO"/>
		<typeAlias type="com.spring.y_02.BoardListDTO" alias="boardListDTO"/>
		
		<!-- park -->
		<typeAlias type="com.spring.Mng.UserMngDTO" alias="usermngDTO"/>
		<typeAlias type="com.spring.Mng.UserMngDTO2" alias="usermngDTO2"/>
		<typeAlias type="com.spring.Mng.MypageDTO" alias="MypageDTO"/>
		
		<typeAlias type="com.spring.servlet.MemberInfoDTO" alias="memberinfoDTO"/>
		<typeAlias type="com.spring.servlet.ReqListDTO" alias="reqlistDTO"/>
		<typeAlias type="com.spring.servlet.UserInfoDTO" alias="userinfoDTO"/>
		<typeAlias type="com.spring.servlet.WhHisDTO" alias="whhisDTO"/>
	</typeAliases>
	
</configuration>