<?xml version="1.0" encoding="UTF-8" ?>
<!DOCTYPE mapper
	PUBLIC "-//mybatis.org//DTD Mapper 3.0//EN"
	"http://mybatis.org/dtd/mybatis-3-mapper.dtd">
<mapper namespace="mapper.item">

	<!-- item select -->
	<select id="selectItem" resultType="itmngDTO">
		SELECT pname, sct, pnum,
		wzone,
		TO_CHAR(pday, 'yyyy-mm-dd') AS pday, psize
		FROM pd_list
		LEFT OUTER
		JOIN small_cat ON
		pd_list.scid = small_cat.scid
		WHERE pd_list.scid IN
		('sc1', 'sc2',
		'sc3')
		ORDER BY pday
	</select>
	<select id="selectItem2" resultType="itmngDTO">
		SELECT pname, sct, pnum,
		wzone,
		TO_CHAR(pday, 'yyyy-mm-dd') AS pday, psize
		FROM pd_list
		LEFT OUTER
		JOIN small_cat ON
		pd_list.scid = small_cat.scid
		WHERE pd_list.scid IN
		('sc5', 'sc6',
		'sc7')
		ORDER BY pday
	</select>
	<select id="selectItem3" resultType="itmngDTO">
		SELECT pname, sct, pnum,
		wzone,
		TO_CHAR(pday, 'yyyy-mm-dd') AS pday, psize
		FROM pd_list
		LEFT OUTER
		JOIN small_cat ON
		pd_list.scid = small_cat.scid
		WHERE pd_list.scid IN
		('sc9', 'sc10',
		'sc11')
		ORDER BY pday
	</select>
	<select id="selectItem4" resultType="itmngDTO">
		SELECT pname, sct, pnum,
		wzone,
		TO_CHAR(pday, 'yyyy-mm-dd') AS pday, psize
		FROM pd_list
		LEFT OUTER
		JOIN small_cat ON
		pd_list.scid = small_cat.scid
		WHERE pd_list.scid IN
		('sc13', 'sc14')
		ORDER BY pday
	</select>
	<select id="selectItem5" resultType="itmngDTO">
		SELECT pname, sct, pnum,
		wzone,
		TO_CHAR(pday, 'yyyy-mm-dd') AS pday, psize
		FROM pd_list
		LEFT OUTER
		JOIN small_cat ON
		pd_list.scid = small_cat.scid
		WHERE pd_list.scid IN
		('sc16', 'sc17')
		ORDER BY pday
	</select>
	
	<select id="itemDetail" resultType="itmngDTO">
		SELECT pd_list.pname, small_cat.sct, pd_list.pnum,
		       pd_list.wzone, pd_list.scid, small_cat.bcid,
		       TO_CHAR(pd_list.pday, 'yyyy-mm-dd') AS pday, pd_list.psize
		FROM pd_list
		LEFT JOIN small_cat ON pd_list.scid = small_cat.scid
		WHERE pd_list.pnum = #{pnum}
		ORDER BY pd_list.pday
	</select>

	<!-- insert -->
	<insert id="insertItem" parameterType="ItMngDTO">
		INSERT INTO pd_list(pnum,wzone, scid, bcid, pname, pday, punit, psize)
		SELECT #{pnum}, #{wzone}, #{scid}, 
		(SELECT BCID FROM small_cat WHERE scid = #{scid}),
		#{pname}, #{pday}, #{punit}, #{psize}
		FROM dual
	</insert>
	
	<!-- delete -->
	<delete id="deleteItem" parameterType="ItMngDTO">
		delete from pd_list
		where pnum = #{pnum}
	</delete>
	
	<update id="updateItem" parameterType="ItMngDTO">
	    UPDATE pd_list
	    SET wzone = #{wzone},
	        scid = #{scid},
	        bcid = (SELECT BCID FROM small_cat WHERE scid = #{scid}),
	        pname = #{pname},
	        pday = #{pday},
	        punit = #{punit},
	        psize = #{psize}
	    WHERE pnum = #{pnum}
	</update>
	


</mapper>