<?xml version="1.0" encoding="UTF-8" ?>
<!DOCTYPE mapper PUBLIC "-//mybatis.org//DTD Mapper 3.0//EN"
        "http://mybatis.org/dtd/mybatis-3-mapper.dtd">
<mapper namespace="mapper.userMng">

	<select id="infoPower" resultType="UserMngDTO">
		SELECT u.uname, u.unum,
		u.uuid,
		u.uposition, p.updv, p.updior, p.updiom, p.updr,
		p.ubdm, p.uum
		FROM
		user_info u
		JOIN user_power p ON u.uuid = p.uuid
	</select>
	<select id="centerList" resultType="UserMngDTO">
		SELECT cname From center_list
	</select>


	<select id="userInfo" resultType="UserMngDTO2">
		SELECT unum, upass
		FROM user_info
	</select>
	<select id="reqList" resultType="UserMngDTO2">
		SELECT rcategory, uuid, uemail
		FROM req_list
	</select>

	<!-- 사용자의 권한 레코드 삭제 쿼리 -->
	<delete id="deleteUserPower" parameterType="String">
		DELETE FROM
		user_power WHERE uuid = #{uuid}
	</delete>

	<delete id="deleteUser" parameterType="String">
		DELETE FROM user_info
		WHERE uuid = #{uuid}
	</delete>

	<!-- 승인 처리를 위한 쿼리 추가 -->
	<!-- REQ_LIST에서 정보를 가져와 USER_INFO에 삽입 -->
	<!-- USER_INFO에 사용자 삽입 -->
	<insert id="insertUserInfoFromReq" parameterType="String">
		INSERT INTO
		SCOTT_JAL.user_info (uuid, uemail, upass)
		SELECT r.uuid, r.uemail,
		r.uuid FROM SCOTT_JAL.req_list r
		WHERE r.uuid = #{uuid} AND NOT EXISTS
		(
		SELECT 1 FROM SCOTT_JAL.user_info u WHERE u.uuid = r.uuid
		)
	</insert>

	<!-- USER_POWER에 사용자 권한 삽입 -->
	<insert id="insertUserPowerFromReq" parameterType="String">
		INSERT INTO
		SCOTT_JAL.user_power (uuid, ulevel, updv, updior, updr, updiom,
		ubdm,
		uum)
		SELECT r.uuid, '권한설정필요', '0', '0', '0', '0', '0', '0' FROM
		SCOTT_JAL.req_list
		r
		WHERE r.uuid = #{uuid} AND NOT EXISTS (
		SELECT 1
		FROM SCOTT_JAL.user_power p WHERE p.uuid = r.uuid
		)
	</insert>


	<!-- 거절 처리를 위한 쿼리 (기존 deleteUserPower 사용) -->
	<!-- REQ_LIST에서 사용자 요청 삭제 -->
	<delete id="deleteFromReqList" parameterType="String">
		DELETE FROM
		SCOTT_JAL.req_list
		WHERE uuid = #{uuid}
	</delete>


</mapper>