<?xml version="1.0" encoding="UTF-8" ?>
<!DOCTYPE mapper
	PUBLIC "-//mybatis.org//DTD Mapper 3.0//EN"
	"http://mybatis.org/dtd/mybatis-3-mapper.dtd">
<mapper namespace="mapper.pdin">
	
	<!-- select -->
	<select id="selectPd" resultType="pdDTO">
        SELECT 
            pnum, pname, psize, punit 
        FROM 
            pd_list 
        <where>
		    <if test="_parameter != null">
		        AND pname LIKE '%' || #{_parameter} || '%'
		        <if test="_parameter.startsWith('E')">
		            OR pnum = #{_parameter}
		        </if>
		    </if>
        </where> 
	</select>
	
	<!-- 입고등록 아래 테이블 join -->
	<resultMap id="joinResult" type="com.spring.lee.JoinedDTO">
	    <association property="pd_inDTO" javaType="com.spring.lee.Pd_inDTO">
	        <id property="pnum" column="pnum" />
	        <result property="pindate" column="pindate" />
	        <result property="pincnt" column="pincnt" />
	        <result property="pstate" column="pstate" />
	        <result property="plot" column="plot" />
	        <result property="pnote" column="pnote" />
	    </association>
	    <association property="pdDTO" javaType="com.spring.lee.PdDTO">
	        <id property="pnum" column="pnum" />
	        <result property="pname" column="pname" />
	        <result property="psize" column="psize" />
	        <result property="punit" column="punit" />
	    </association>
	</resultMap>
	
	<select id="selectPdin" resultMap="joinResult">
		SELECT
			pindate, pd_in.pnum, pname, psize, punit, pincnt, pstate, plot, pnote
		FROM
			pd_list inner join pd_in on pd_list.pnum = pd_in.pnum
		order by pindate
	</select>
<!-- 	'LT' || TO_CHAR(sysdate, 'YYYYMMDD') || to_char(lotnum.nextval, 'FM000') -->

	<!-- INSERT -->
	<insert id="insertPdin" parameterType="joinedDTO">
		insert into pd_in
		values (pdnum.nextval, '', #{pdDTO.pnum}, #{pd_inDTO.wzone}, sysdate, #{pd_inDTO.pincnt}, #{pd_inDTO.pnote}, '미등록')
	</insert>
	
	<!-- UPDATE -->
	<update id="updatePdin" parameterType="joinedDTO">
		update pd_in
		set pstate='등록', plot = 'LT' || TO_CHAR(sysdate, 'YYYYMMDD') || to_char(lotnum.nextval, 'FM000')
		where pnum = #{_parameter}
	</update>
	
	<!-- DELETE -->
	<delete id="deletePdin" parameterType="joinedDTO">
		delete from pd_in
		where pnum = #{_parameter}
	</delete>
</mapper>